% imax                   ; Electromagnetic force, x component (N)
1                        ; 31.269660180233945
2                        ; 92.02727700304926
3                        ; 132.43496185376213
4                        ; 163.5150092854116
