% imax                   Electromagnetic force, y component (N)
1                       ; 0.010267616008401339
2                       ; 0.030278826247577963
3                       ; 0.044086638697062884
4                       ; 0.05234777853253259
